<?xml version="1.0" encoding="UTF-8"?>
<project-private xmlns="http://www.netbeans.org/ns/project-private/1">
    <editor-bookmarks xmlns="http://www.netbeans.org/ns/editor-bookmarks/2" lastBookmarkId="0"/>
    <open-files xmlns="http://www.netbeans.org/ns/projectui-open-files/2">
        <group>
            <file>file:/C:/Users/conta/Downloads/A3_GolpeDoPix/A3_GolpeDoPix/A3_GolpeDoPix/src/a3_golpedopix/ConexaoBD.java</file>
            <file>file:/C:/Users/conta/Downloads/A3_GolpeDoPix/A3_GolpeDoPix/A3_GolpeDoPix/src/a3_golpedopix/PresenteSuspeito.java</file>
            <file>file:/C:/Users/conta/Downloads/A3_GolpeDoPix/A3_GolpeDoPix/A3_GolpeDoPix/src/a3_golpedopix/Vitima.java</file>
            <file>file:/C:/Users/conta/Downloads/A3_GolpeDoPix/A3_GolpeDoPix/A3_GolpeDoPix/src/A3_GOLPE.sql</file>
            <file>file:/C:/Users/conta/Downloads/A3_GolpeDoPix/A3_GolpeDoPix/A3_GolpeDoPix/src/a3_golpedopix/VitimaDAO.java</file>
            <file>file:/C:/Users/conta/Downloads/A3_GolpeDoPix/A3_GolpeDoPix/A3_GolpeDoPix/src/a3_golpedopix/DetectorGolpePix.java</file>
            <file>file:/C:/Users/conta/Downloads/A3_GolpeDoPix/A3_GolpeDoPix/A3_GolpeDoPix/src/a3_golpedopix/TransacaoPix.java</file>
            <file>file:/C:/Users/conta/Downloads/A3_GolpeDoPix/A3_GolpeDoPix/A3_GolpeDoPix/src/a3_golpedopix/TipoGolpe.java</file>
        </group>
    </open-files>
</project-private>
