<?xml version="1.0" encoding="UTF-8"?>
<project-private xmlns="http://www.netbeans.org/ns/project-private/1">
    <editor-bookmarks xmlns="http://www.netbeans.org/ns/editor-bookmarks/2" lastBookmarkId="0"/>
    <open-files xmlns="http://www.netbeans.org/ns/projectui-open-files/2">
        <group>
            <file>file:/C:/Users/conta/OneDrive/Documentos/Trabalho%20UAM/1%20Semestre/A3/A3_GolpeDoPix%20(1)/A3_GolpeDoPix/A3_GolpeDoPix%202/src/a3_golpedopix/VitimaDAO.java</file>
            <file>file:/C:/Users/conta/OneDrive/Documentos/Trabalho%20UAM/1%20Semestre/A3/A3_GolpeDoPix%20(1)/A3_GolpeDoPix/A3_GolpeDoPix%202/src/a3_golpedopix/DetectorGolpePix.java</file>
            <file>file:/C:/Users/conta/OneDrive/Documentos/Trabalho%20UAM/1%20Semestre/A3/A3_GolpeDoPix%20(1)/A3_GolpeDoPix/A3_GolpeDoPix%202/src/a3_golpedopix/ConexaoBD.java</file>
        </group>
    </open-files>
</project-private>
